Name,Links,URL,Cost,Due date,Final deadline,Relevance,Publisher,Tags,Created time,Attachment
IntelITSIS'2026: 7th International Workshop on Intelligent Information Technologies & Systems of Information Security,- IntelITSIS'2026: Website,http://kiis.khmnu.edu.ua/intelitsis-2026/,Free,20/2/2026 20:35,3/4/2026 20:43,1_High,CEUR.org,"Conference,Workshop",12/1/2021 20:35,
IST 2026: 3rd international scientific and practical conference «Information Systems and Technology: Results and Prospects»,"- IST 2026: Website
- IST 2026: CAP",https://ist.fit.knu.ua/scientificconference/konf2026,Free,1/3/2026 20:41,5/3/2026 20:41,1_High,NaN,Conference,26/1/2025 20:37,
CoLInS'2026: 10th International Conference on Computational Linguistics and Intelligent Systems,- CoLInS'2026: Website,http://colins.in.ua/,Free,15/3/2026 21:02,17/4/2026 21:10,1_High,CEUR.org,"Conference,Workshop",12/1/2021 20:58,
CMIS-2026: The Ninth International Workshop on Computer Modeling and Intelligent Systems,"- CMIS-2026: Website
- CMIS-2026: Submission",https://www.facebook.com/groups/cmis.workshop,Free,22/3/2026 21:20,5/5/2026 21:32,1_High,CEUR.org,"Conference,Workshop",12/1/2021 21:17,
AISD 2026: The Third International Workshop of Young Scientists on Artificial Intelligence for Sustainable Development,- AISD-2026: Website,https://aisd.wunu.edu.ua/,NaN,27/3/2026 19:09,7/5/2026 19:09,1_High,CEUR.org,Workshop,12/11/2024 19:07,
ACIT'2026: 2026 IEEE 16th International Conference on Advanced Computer Information Technologies,- ACIT'2026: Website,https://acit.tech/index.php/call-for-papers,Free,5/4/2026 16:33,30/6/2026 17:12,1_High,IEEE.org,Conference,13/5/2020 16:32,
"ICon-MaSTEd'2026: XVII International Conference on Mathematics, Science and Technology Education",- ICon-MaSTEd'2026: Website,https://icon-masted.easyscience.education/2026/,Free,11/4/2026 15:23,14/5/2026 15:23,1_High,IOP Publishing,Conference,18/6/2022 15:21,
STE(A)M 2026: 5th Yurii Ramskyi STE(A)M Workshop,'- STE(A)M 2026: Website,https://stem.easyscience.education/2026/,Free,11/4/2026 16:38,13/5/2026 16:38,1_High,CEUR.org,Workshop,25/2/2025 16:37,
MoMLeT&DS'2026: Modern Machine Learning Technology,"- MoMLeT&DS'2026: Website
- MoMLeT&DS'2026: EasyChair",https://momlet.in.ua/about-momlet/,Free,1/5/2026 15:17,6/6/2026 15:18,1_High,CEUR.org,"Conference,Workshop",26/3/2021 15:15,
Synergy in Terra – 2026: International Conference “Synergy in Terra – 2026”,- Synergy in Terra – 2026: Website,https://science.lpnu.ua/synergy-terra,500 UAH,15/5/2026 16:42,12/6/2026 16:42,1_High,Academic Journal,Conference,25/2/2025 16:40,
KhPIW'2026: 2026 IEEE 6th KhPI Week on Advanced Technology,- KhPIW'2026: Website,https://khpiweek.ieee.org.ua/,Free,31/5/2026 15:08,5/10/2026 15:09,1_High,IEEE.org,Conference,18/6/2022 15:07,
DigiTransfEd 2026: 5th Workshop on Digital Transformation of Education,- DigiTransfEd 2026: Website,https://digitransfed.ztu.edu.ua/,Free,1/7/2026 15:03,1/9/2026 15:03,1_High,CEUR.org,Workshop,13/11/2024 15:01,
ESS'2026: 2026 IEEE International Conference on Energy Smart Systems (ESS),- ESS'2026: Website,https://ess.ieee.org.ua/,Free,30/11/2025 15:05,21/4/2026 15:06,2_Mediocre,IEEE.org,Conference,18/6/2022 15:04,
"DSMIE'2026: 9th International Conference on Design, Simulation, Manufacturing: The Innovation Exchange",- DSMIE'2026: Website,https://dsmie.sumdu.edu.ua/,600 EUR,31/1/2026 15:32,2/6/2026 15:31,2_Mediocre,Springer.org,Conference,18/6/2022 15:29,
IntSol'2026: V International Scientific Symposium “Intelligent Solutions”,- IntSol'2026: Website,https://intsol.knu.ua/,700 UAH,13/4/2026 11:04,1/5/2026 11:04,2_Mediocre,CEUR.org,Workshop,20/6/2022 11:02,
FedCSIS'2025: 2025 IEEE 19th Conference on Computer Science and Intelligence Systems,"- FedCSIS'2026: Website
",https://2026.fedcsis.org/,300 EUR,15/4/2026 11:28,23/8/2026 11:30,2_Mediocre,IEEE.org,Conference,20/6/2022 11:27,
MEMSTECH'2024: 2025 IEEE 20th International Conference Perspective technologies and methods in MEMS design,- MEMS'2024: Website,https://memstech.ieee.org.ua/,250 EUR,15/3/2024 16:15,16/5/2024 16:15,3_Finished,IEEE.org,Conference,6/8/2022 16:12,
DAO-XAI 2024: Data meets Ontologies in Explainable AI 2024,- DAO-XAI 2024: Website,https://sites.google.com/view/daoxai2024,NaN,30/5/2024 14:48,19/10/2024 14:47,3_Finished,CEUR.org,Workshop,7/3/2025 14:46,
IS'2024: 2024 12th IEEE International Conference on Intelligent Systems,- IS'2024: Website,https://www.ieee-is.org/,400 EUR,30/6/2024 15:04,29/8/2024 15:04,3_Finished,IEEE.org,Conference,23/2/2024 15:03,
ATIT'2024: 2024 IEEE 5th International Conference on Advanced Trends in Information Theory,- ATIT'2024: Website,https://atit.ieee.org.ua/,Free,10/8/2024 22:15,10/8/2024 22:16,3_Finished,IEEE.org,Conference,2/1/2023 22:14,
BAIT-2024: The 1st International Workshop on Bioinformatics and Applied Information Technologies 2024,- BAIT-2024: Website,https://bait.tntu.edu.ua/,Free,16/8/2024 13:19,2/10/2024 13:19,3_Finished,CEUR.org,Workshop,24/11/2024 13:18,
DTER-2024: 1st International Workshop on Digital Technologies for Enhancing Resilience,- DTER-2024: Website,https://science.lpnu.ua/dter-2024,500 EUR,16/8/2024 18:19,28/10/2024 18:19,3_Finished,Elsevier,Conference,9/1/2025 18:18,
CSIT'2024: IEEE 19th International Conference on Computer Science and Information Technologies,"- CSIT'2024: Website
- CSIT'2024: Facebook",https://csit.ieee.org.ua/,Free,25/8/2024 15:52,16/10/2024 17:33,3_Finished,IEEE.org,Conference,13/5/2020 15:51,
"ITTAP'2024: 4th International Workshop on
Information Technologies:
Theoretical and Applied Problems","- ITTAP'2024: Website
- ITTAP'2024: EasyChair",https://ittap.tntu.edu.ua/,Free,26/8/2024 12:10,23/10/2024 18:18,3_Finished,CEUR.org,"Conference,Workshop",29/7/2021 12:09,
"DESSERT'2024: 14th International IEEE Conference Dependable Systems, Services, and Technologies",- DESSERT'2024: Website,https://www.dessert-conf.org/dessert-2024/,900 UAH,27/8/2024 15:30,11/10/2024 22:36,3_Finished,IEEE.org,Conference,13/5/2020 15:29,
AISTDS 2024: Applied Information Systems and Technologies in the Digital Society,- AISTDS 2024: Website,https://aistis.knu.ua/,200 UAH,1/9/2024 19:14,1/10/2024 19:13,3_Finished,CEUR.org,Workshop,14/3/2025 19:08,
CIAW 2024: Computational Intelligence Application Workshop 2024,- CIAW 2024: Website,https://science.lpnu.ua/ciss-2024/computational-intelligence-application-workshop,Free,10/9/2024 12:45,10/10/2024 12:45,3_Finished,CEUR.org,Workshop,30/12/2024 12:43,
CISS-2024: 1st International Scientific and Practical Conference “Сomputational Intelligence and Smart Systems”,- CISS-2024: Website,https://science.lpnu.ua/ciss-2024,Free,20/9/2024 18:02,10/10/2024 18:02,3_Finished,CEUR.org,"Workshop,Conference",9/1/2025 18:01,
CSITIC-2024: 7th International Scientific and Technical Conference COMPUTER AND INFORMATIONAL SYSTEMS AND TECHNOLOGIES,- CSITIC-2024: Website,http://csitic.com/about-conference-2024-ua.html,100 UAH,21/9/2024 15:10,26/9/2024 15:11,3_Finished,NaN,Conference,26/3/2021 15:09,
XAI.it 2024: Italian Workshop on Explainable Artificial Intelligence 2024,"- XAI.it 2024: Website
- XAI.it 2024: EasyChair",https://xai-it.github.io/call.html,NaN,29/9/2024 13:25,26/11/2024 13:25,3_Finished,CEUR.org,Workshop,24/11/2024 13:22,
"BEWARE 2024: Bias, Risk, Explainability, Ethical AI and the role of Logic and Logic Programming 2024",- BEWARE 2024: Website,https://sites.google.com/view/beware2024,NaN,30/9/2024 13:51,25/11/2024 13:52,3_Finished,CEUR.org,Workshop,17/1/2025 13:50,
HC@AIxIA 2024: 3rd AIxIA Workshop on Artificial Intelligence For Healthcare ,- HC@AIxIA 2024: Website,https://sites.google.com/unical.it/hcaixia2024/home?authuser=0,NaN,30/9/2024 15:11,27/11/2024 15:12,3_Finished,CEUR.org,"Conference,Workshop",13/11/2024 15:07,
IDDM'2024: 7th International Conference on Informatics & Data-Driven Medicine,"- IDDM'2024: Website
- IDDM'2024: Submission
",https://science.lpnu.ua/iddm-2024/submission,Free,1/10/2024 12:36,14/11/2024 12:39,3_Finished,CEUR.org,"Conference,Workshop",25/7/2021 12:35,
ADP 2024: Algorithms of Data Processing 2024,- ADP 2024: Website,https://www.ans.nau.edu.ua/adp/,Free,1/10/2024 13:42,20/10/2024 13:43,3_Finished,CEUR.org,,17/1/2025 13:42,
IT&I'2024: Information Technology and Implementation,"- IT&I'2024: Website
- IT&I'2024: Submission
- IT&I'2024: Facebook
",https://www.facebook.com/photo/?fbid=10223236745098691&set=gm.3301062060197675&idorvanity=2568037013500187,Free,1/10/2024 20:33,21/11/2024 20:33,3_Finished,CEUR.org,"Conference,Workshop",14/10/2021 20:30,
CPITS-II 2024: Cybersecurity Providing in Information and Telecommunication Systems II 2024,- CPITS-II 2024: Website,https://cpits.kubg.edu.ua/,Free,4/10/2024 18:48,26/10/2024 18:48,3_Finished,CEUR.org,"Conference,Workshop",12/11/2024 18:47,
RECI'2024: The 3rd International Workshop on Reliability Engineering and Computational Intelligence,"- RECI'2024: Website
- RECI'2024: Call for paper",https://reci.fri.uniza.sk/,"Free - online
200 EUR - in-person",6/10/2024 21:16,6/11/2024 21:18,3_Finished,Springer.org,"Conference,Workshop",16/6/2022 21:15,
HCI-SI 2024: Human-Computer Interaction Slovenia,- HCI-SI 2024: Website,https://ceur-ws.org/Vol-3866/,Free,13/10/2024 14:43,8/11/2024 14:43,3_Finished,CEUR.org,Conference,7/3/2025 14:42,
AdvAIT-2024: 1st International Workshop on Advanced Applied Information Technologies,- AdvAIT-2024: Website,http://kiis.khmnu.edu.ua/advait-2024/,Free,20/10/2024 17:12,29/11/2024 17:12,3_Finished,CEUR.org,"Conference,Workshop",13/9/2024 17:11,
"ITS-2024: XXIV International Scientific and Practical Conference ""Information Technologies and Security""",- ITS-2024: Website,https://its.ipri.kiev.ua/#place,Nan,31/10/2024 13:48,19/12/2024 13:46,3_Finished,CEUR.org,Workshop,17/1/2025 13:45,
C&D'2024: 4TH INTERNATIONAL ONLINE CONFERENCE ‘CORPORA AND DISCOURSE’,- C&D'2024: Website,https://corpora.kamts1.kpi.ua/cad,NaN,11/11/2024 10:52,26/11/2024 13:16,3_Finished,NaN,Conference,19/6/2022 13:15,
WDA 2025: Workshop on Data Analytics 2025,- WDA 2025: Website,https://www.ans.nau.edu.ua/wda/,Free,25/11/2024 14:37,6/1/2025 14:38,3_Finished,CEUR.org,Workshop,7/3/2025 14:36,
ICTM'2024: Integrated Computer Technologies in Mechanical Engineering – Synergetic Engineering,"- ICTM'2024: Website
- ICTM'2024: EasyChair",https://ictm.khai.edu/,NaN,25/11/2024 17:06,5/12/2024 17:06,3_Finished,Springer.org,"Conference,Workshop",6/8/2022 17:04,
BESD-2025: International Scientific and Practical Conference Business Ecosystems: Sustainable Development 2025,- BESD-2025: Website,https://be-sd.org/,Free,20/1/2025 16:31,3/2/2025 16:31,3_Finished,Springer.org,Conference,25/2/2025 16:30,
"ICSF'2025: The 6th International Conference on Sustainable Futures: Environmental, Technological, Social and Economic Matters","- ICSF'2025: Website
",https://icsf.easyscience.education/2025/,Free,31/1/2025 11:45,21/5/2025 17:42,3_Finished,IOP Publishing,Conference,27/5/2020 11:44,
SCIA 2025: Scandinavian Conference on Image Analysis 2025,- SCIA 2025: Website,https://scia2025.org/dates/,NaN,27/2/2025 12:15,23/6/2025 12:15,3_Finished,Springer.org,Conference,17/1/2025 12:14,
DECaT-2025: Digital Economy Concepts and Technologies Workshop,- DECaT-2025: Website,https://decat.eae.com.ua/,Free,8/3/2025 14:52,3/4/2025 14:52,3_Finished,CEUR.org,Workshop,13/11/2024 14:50,
AREdu 2025: The 8th International Workshop on Augmented Reality in Education,- AREdu 2025: Website,https://aredu.easyscience.education/aredu2025/,NaN,10/4/2025 13:57,13/5/2025 13:57,3_Finished,CEUR.org,Workshop,17/1/2025 13:54,
UkrPROG'2025: The 15th International Scientific and Practical Conference on Programming,- UkrPROG'2025: Website,https://iss.nas.gov.ua/event/cotirnadcyata-miznarodna-naukovo-prakticna-konferenciya-z-programuvannya-18,900 грн + 100 грн за кожну сторінку понад 9 сторінок,11/4/2025 10:51,13/5/2025 10:51,3_Finished,CEUR.org,Conference,20/6/2022 10:50,
CMSE 2024: Computational Methods in Systems Engineering 2024,- CMSE 2024: Website,https://ans.nau.edu.ua/cmse/,Free,14/4/2025 19:05,17/6/2024 19:05,3_Finished,CEUR.org,Workshop,12/11/2024 19:04,
ISDMCI'2025: Intellectual Decision-Making Systems and Problems of Computational Intelligence - International Scientific Conference,"- ISDMCI'2025: Website
- ISDMCI'2025: Publication",https://www.isdmci.ks.ua/?fbclid=IwAR1IQgu3SXkbVLeO1wkHzPUDnAD6Q3s6m_CJ2ZKDktiB8WtB1VQDwO8rIyQ,20 EUR,30/4/2025 18:00,19/6/2025 14:50,3_Finished,Springer.org,Conference,1/3/2021 21:57,
ITEP-2025: 2nd International Conference on Information Technologies in the Environmental Protection,- ITEP-2025: Website,https://science.lpnu.ua/itep-2025,Free,1/5/2025 14:16,15/5/2025 14:16,3_Finished,NaN,Workshop,7/3/2025 14:15,
"CITI-2025: The 3rd International Workshop on
“Computer Information Technologies in Industry 4.0”","- CITI-2025: Website
- CITI-2025: EasyChair",https://citi.tntu.edu.ua/,Free,1/5/2025 19:01,11/6/2025 19:01,3_Finished,CEUR.org,Workshop,12/11/2024 18:59,
ATRIC-2025: International Conference on Advanced Trends in Radioelectronics and Infocommunications ,- ATRIC-2025: Website,https://science.lpnu.ua/atric-2025,Free,10/5/2025 18:40,21/5/2025 18:40,3_Finished,NaN,Workshop,1/5/2025 18:39,
ICTERI'2025: 20th International Conference on ICT,"- ICTERI'2026: Website
",https://icteri.org/icteri-2026/,Free,12/5/2025 20:45,23/9/2025 20:46,3_Finished,Springer.org,"Conference,Workshop",8/4/2021 20:43,
CH&CMiGIN 2025: Fourth International Conference on Cyber Hygiene & Conflict Management in Global Information Networks,- CH&CMiGIN 2025: Website,https://cyberconf.fccpi.nau.edu.ua/,Free,15/5/2025 14:33,20/6/2025 14:33,3_Finished,CEUR.org,Workshop,7/3/2025 14:29,
"IDAACS-2025: The 13th IEEE International Conference on
Intelligent Data Acquisition and Advanced Computing Systems: Technology and Applications","- IDAACS-2025: Website
- IDAACS-2025: CAP",https://www.idaacs.net/2025,350 EUR,18/5/2025 10:32,4/9/2025 10:33,3_Finished,IEEE.org,Conference,7/3/2025 10:32,
"MCEME'2025: III International Scientific and Theoretical Conference ""Modeling and Computer Engineering in Mechanical Engineering""",- MCEME'2025: Website,https://science.lpnu.ua/mceme-2024,250 UAH,18/5/2025 18:25,18/6/2025 18:25,3_Finished,Springer.org,Workshop,16/6/2022 18:23,
ICyberPhyS 2025: Intelligent & CyberPhysical Systems 2025,- ICyberPhyS 2025: Website,http://kiis.khmnu.edu.ua/icyberphys-2025/,Free,18/5/2025 19:03,27/6/2025 19:03,3_Finished,CEUR.org,Conference,12/11/2024 19:02,
AEQUITAS 2025: Fairness and Bias in AI,- AEQUITAS 2025: Website,https://aequitas-aod.github.io/aequitas-ecai25.github.io/dates.html,NaN,26/6/2025 14:56,25/10/2025 14:57,3_Finished,CEUR.org,Workshop,7/3/2025 14:55,
SAIC'2025: IEEE International Conference on System Analysis & Intelligent Computing (SAIC),- SAIC'2025: Website,http://saic.ieee.org.ua/,50 EUR,30/6/2025 13:11,16/9/2025 13:12,3_Finished,IEEE.org,Conference,19/6/2022 13:09,
ICST-ODESA-2025: Information Control Systems and Technologies,"- ICST'2025: Website
- ICST'2025: EasyChair",https://icst-conf.com/main-eng.html#dates,750 UAH,15/7/2025 15:07,24/9/2025 14:49,3_Finished,CEUR.org,Conference,18/6/2022 14:44,
CSDP-2024: Cyber Security and Data Protection 2024,- CSDP-2024: Website,https://csdp.lpnu.ua/,Free,20/7/2025 18:52,31/7/2025 18:52,3_Finished,CEUR.org,Workshop,12/11/2024 18:52,
ArgXAI 2025: Argumentation for eXplainable AI 2025,- ArgXAI 2025: Website,https://people.cs.umu.se/tkampik/argxai/2025.html,NaN,22/7/2025 14:59,26/10/2025 14:59,3_Finished,CEUR.org,Workshop,7/3/2025 14:58,
ProfIT AI 2025: 5th International Workshop of IT-professionals on Artificial Intelligence,"- ProfIT AI 2025: Website
",https://khai.edu/5th-international-workshop-of-it-professionals-on-artificial-intelligence-profit-ai-2025,Free,1/9/2025 09:51,15/10/2025 09:51,3_Finished,CEUR.org,Workshop,24/6/2024 09:43,
SCIA-2025: 4th International Workshop on Social Communication and Information Activity in Digital Humanities 2025,- SCIA-2025: Website,https://skid.lpnu.ua/?page_id=220,Free,1/9/2025 15:00,30/10/2025 14:00,3_Finished,CEUR.org,Workshop,13/11/2024 14:59,
"SECS-2025: 4th International Conference ""Challenges and Reality of the IT-space: Software Engineering and Cybersecurity""","- SECS-2025: Website
- SECS-2025: CMT
",https://secs.knute.edu.ua//2025/index.html,Free,15/9/2025 14:17,23/10/2025 14:17,3_Finished,Academic Journal,Journal,20/8/2025 14:15,
CS&SE@SW 2025: 8th Workshop for Young Scientists in Computer Science & Software Engineering,- CS&SE@SW'2025: Website,https://cssesw.easyscience.education/cssesw2025/,NaN,12/10/2025 12:01,21/11/2025 12:03,3_Finished,CEUR.org,"Conference,Workshop",25/7/2021 12:00,
"TCSET'2026: 2026 IEEE 18th International Conference on Advanced Trends in Radioelectronics, Telecommunications and Computer Engineering","- TCSET'2026: Website
",https://tcset.ieee.org.ua/,Free,30/11/2025 16:30,17/2/2026 16:02,3_Finished,IEEE.org,Conference,13/5/2020 16:29,
ELNANO'2026: 2026 IEEE International Conference on Electronics and Nanotechnology (ELNANO),- ELNANO'2026: Website,https://elnano.ieee.org.ua/call-for-papers/,1400 UAH,1/12/2025 15:02,27/4/2026 15:02,3_Finished,IEEE.org,Conference,18/6/2022 15:01,
DOORS'2025: 5th Edge Computing Workshop,"- DOORS'2026: Website
- DOORS'2026: Submission",https://notso.easyscience.education/doors/2026/,NaN,18/12/2025 11:03,3/4/2026 11:04,3_Finished,NaN,Conference,16/10/2024 10:58,
"MS-AMLV 2026: 7th Masters Symposium on Advances in Data Mining, Machine Learning, and Computer Vision",- MS-AMLV 2026: Website,https://apps.ucu.edu.ua/en/ms-amlv-2026/,Free,30/1/2026 16:35,27/3/2026 16:35,3_Finished,Springer.org,Conference,25/2/2025 16:33,
UNLP 2026: 5th Ukrainian Natural Language Processing Workshop,- UNLP'2026: Website,https://unlp.org.ua/,Free,30/1/2026 20:36,28/5/2026 20:40,3_Finished,CEUR.org,"Conference,Workshop",8/4/2021 20:35,
SMARTINDUSTRY'2026: 3rd International Conference on Smart Automation & Robotics for Future Industry,- SMARTINDUSTRY'2026: Website,https://science.lpnu.ua/smartindustry-2026,Free,31/1/2026 17:44,26/3/2026 17:45,3_Finished,CEUR.org,Conference,20/6/2024 17:43,
EXPLIMED 2026: Explainable Artificial Intelligence for the Medical Domain,- EXPLIMED 2026: Website,https://xaiworldconference.com/2026/,655 EUR,8/2/2026 14:49,25/10/2025 14:49,3_Finished,CEUR.org,Workshop,7/3/2025 14:48,